アンドロメダ,And,2.09654167,29.09083333,135.68,-162.95,9.83166667,30.86122222,115.38,-83.05
アンドロメダ,And,9.83166667,30.86122222,115.38,-83.05,17.4325,35.62083333,175.59,-112.23
アンドロメダ,And,30.97466667,42.32986111,43.08,-50.85,17.4325,35.62083333,175.59,-112.23
アンドロメダ,And,17.4325,35.62083333,175.59,-112.23,14.18791667,38.49925,152.78,36.82
アンドロメダ,And,14.18791667,38.49925,152.78,36.82,12.45345833,41.07894444,22.68,-18.05
ポンプ,Ant,156.7881667,-31.06780556,-80.42,9.63,149.7180833,-35.89094444,-89.59,-16.27
ふうちょう,Aps,221.9655417,-79.04472222,-5.67,-15.75,248.3644167,-78.89697222,-125.68,-77.59
ふうちょう,Aps,248.3644167,-78.89697222,-125.68,-77.59,250.7725833,-77.51658333,-282.83,-355.03
わし,Aql,298.8282083,6.40794444,46.35,-481.32,297.6945,8.86738889,536.82,385.54
わし,Aql,297.6945,8.86738889,536.82,385.54,296.564875,10.61327778,15.72,-3.08
わし,Aql,297.6945,8.86738889,536.82,385.54,291.3739583,3.11458333,253.06,80.67
わし,Aql,291.3739583,3.11458333,253.06,80.67,298.1181667,1.00566667,6.94,-7.3
わし,Aql,302.8260833,0.82147222,35.48,6.05,298.1181667,1.00566667,6.94,-7.3
わし,Aql,291.3739583,3.11458333,253.06,80.67,286.3525417,13.86372222,-7.04,-95.31
わし,Aql,286.3525417,13.86372222,-7.04,-95.31,284.9057917,15.06847222,-52.68,-73.81
わし,Aql,291.3739583,3.11458333,253.06,80.67,286.5622917,-4.88233333,-19.68,-90.37
みずがめ,Aqr,322.8896667,-5.57116667,22.79,-6.7,331.4459583,0.31983333,17.9,-9.93
みずがめ,Aqr,331.4459583,0.31983333,17.9,-9.93,335.41375,-1.38736111,129.24,8.9
みずがめ,Aqr,335.41375,-1.38736111,129.24,8.9,337.2075,0.02005556,191.32,37.47
みずがめ,Aqr,337.2075,0.02005556,191.32,37.47,338.838875,0.11736111,88.56,-56.1
みずがめ,Aqr,338.838875,0.11736111,88.56,-56.1,343.1535833,-7.57966667,19.51,32.71
みずがめ,Aqr,343.1535833,-7.57966667,19.51,32.71,348.972,-9.08769444,368.56,-17.02
みずがめ,Aqr,348.972,-9.08769444,368.56,-17.02,350.7429167,-20.10033333,-120.27,-96.7
みずがめ,Aqr,331.4459583,0.31983333,17.9,-9.93,334.2082083,-7.78325,118.95,-21.91
みずがめ,Aqr,334.2082083,-7.78325,118.95,-21.91,331.6092083,-13.86952778,40.45,-57.16
みずがめ,Aqr,334.2082083,-7.78325,118.95,-21.91,337.66175,-10.67788889,1.79,-26.26
みずがめ,Aqr,337.66175,-10.67788889,1.79,-26.26,342.3979583,-13.59252778,-12.58,-38.8
みずがめ,Aqr,342.3979583,-13.59252778,-12.58,-38.8,343.6626667,-15.82075,-44.08,-24.81
みずがめ,Aqr,343.6626667,-15.82075,-44.08,-24.81,347.3615,-21.17247222,55.99,31.25
みずがめ,Aqr,311.918875,-9.49569444,31.89,-35.32,322.8896667,-5.57116667,22.79,-6.7
さいだん,Ara,271.6578333,-50.09144444,-8.43,-9.26,262.9605,-49.87597222,-31.27,-67.15
さいだん,Ara,262.9605,-49.87597222,-31.27,-67.15,254.655125,-55.99005556,-18.31,-35.29
さいだん,Ara,254.655125,-55.99005556,-18.31,-35.29,252.4462917,-59.04130556,39.59,-25.28
さいだん,Ara,252.4462917,-59.04130556,39.59,-25.28,262.7749167,-60.68361111,-53.65,-99.37
さいだん,Ara,262.7749167,-60.68361111,-53.65,-99.37,261.3485833,-56.37769444,-0.77,-15.85
さいだん,Ara,261.3485833,-56.37769444,-0.77,-15.85,261.325,-55.52983333,-8.23,-24.71
さいだん,Ara,261.325,-55.52983333,-8.23,-24.71,271.6578333,-50.09144444,-8.43,-9.26
おひつじ,Ari,42.49579167,27.26077778,65.47,-116.59,31.792875,23.46277778,190.73,-145.77
おひつじ,Ari,31.792875,23.46277778,190.73,-145.77,28.65979167,20.80830556,96.32,-108.8
おひつじ,Ari,28.65979167,20.80830556,96.32,-108.8,28.382375,19.29408333,79.43,-99.1
ぎょしゃ,Aur,89.93016667,37.21277778,42.09,-73.61,89.882375,44.94744444,-56.41,-0.88
ぎょしゃ,Aur,89.882375,44.94744444,-56.41,-0.88,79.17208333,45.99902778,75.52,-427.13
ぎょしゃ,Aur,79.17208333,45.99902778,75.52,-427.13,75.6195,41.07588889,8.88,-21.43
ぎょしゃ,Aur,75.6195,41.07588889,8.88,-21.43,74.24841667,33.16613889,3.63,-18.54
ぎょしゃ,Aur,81.57291667,28.60786111,23.28,-174.22,74.24841667,33.16613889,3.63,-18.54
ぎょしゃ,Aur,81.57291667,28.60786111,23.28,-174.22,89.93016667,37.21277778,42.09,-73.61
うしかい,Boo,220.2871667,13.72833333,52.36,-12.71,213.918125,19.18727778,-1093.45,-1999.4
うしかい,Boo,213.918125,19.18727778,-1093.45,-1999.4,221.246875,27.07416667,-50.65,20
うしかい,Boo,221.246875,27.07416667,-50.65,20,228.8754167,33.31511111,84.84,-110.57
うしかい,Boo,228.8754167,33.31511111,84.84,-110.57,225.486625,40.39063889,-40.2,-29.22
うしかい,Boo,225.486625,40.39063889,-40.2,-29.22,218.0198333,38.30788889,-115.55,151.87
うしかい,Boo,218.0198333,38.30788889,-115.55,151.87,217.95775,30.37113889,-100.44,120.22
うしかい,Boo,217.95775,30.37113889,-100.44,120.22,213.918125,19.18727778,-1093.45,-1999.4
うしかい,Boo,213.918125,19.18727778,-1093.45,-1999.4,208.6713333,18.39858333,-60.95,-358.1
うしかい,Boo,208.6713333,18.39858333,-60.95,-358.1,207.3695833,15.79780556,-93.64,40.76
ちょうこくぐ,Cae,67.70875,-44.95375,2.44,-2.48,70.14091667,-41.86358333,-141.18,-74.95
ちょうこくぐ,Cae,70.14091667,-41.86358333,-141.18,-74.95,70.514375,-37.14477778,46.9,193.14
きりん,Cam,52.26720833,59.94033333,-0.82,-1.85,59.356,63.07225,7.58,6.01
きりん,Cam,59.356,63.07225,7.58,6.01,73.51254167,66.34266667,0.49,7.31
きりん,Cam,52.26720833,59.94033333,-0.82,-1.85,57.5895,71.33236111,18.27,-42
きりん,Cam,57.5895,71.33236111,18.27,-42,73.51254167,66.34266667,0.49,7.31
きりん,Cam,57.5895,71.33236111,18.27,-42,80.64075,79.23075,-78.6,161.13
やぎ,Cap,304.5134167,-12.54486111,61.78,2.85,305.2527083,-14.78138889,48.42,14
やぎ,Cap,305.2527083,-14.78138889,48.42,14,316.4865833,-17.23272222,79.64,-61.64
やぎ,Cap,316.4865833,-17.23272222,79.64,-61.64,320.5615833,-16.83455556,30.83,5.26
やぎ,Cap,320.5615833,-16.83455556,30.83,5.26,325.02225,-16.66225,187.39,-22.33
やぎ,Cap,325.02225,-16.66225,187.39,-22.33,326.7595417,-16.12655556,263.26,-296.23
やぎ,Cap,320.5615833,-16.83455556,30.83,5.26,321.6667917,-22.41138889,-2.61,18.88
やぎ,Cap,321.6667917,-22.41138889,-2.61,18.88,316.4865833,-17.23272222,79.64,-61.64
やぎ,Cap,305.2527083,-14.78138889,48.42,14,311.5240417,-25.27052778,-51.38,-156.66
やぎ,Cap,316.4865833,-17.23272222,79.64,-61.64,312.9554167,-26.91913889,-7.97,-2.54
りゅうこつ,Car,138.301,-69.71747222,-157.66,108.91,153.4345,-70.03791667,-35.73,7.55
りゅうこつ,Car,153.4345,-70.03791667,-35.73,7.55,160.7392917,-64.39447222,-18.87,12.06
りゅうこつ,Car,160.7392917,-64.39447222,-18.87,12.06,160.884625,-60.56663889,-15.22,3.12
りゅうこつ,Car,160.884625,-60.56663889,-15.22,3.12,167.1475,-58.97505556,-5.03,2.09
りゅうこつ,Car,167.1475,-58.97505556,-5.03,2.09,163.3732083,-58.85327778,79.75,38.65
りゅうこつ,Car,163.3732083,-58.85327778,79.75,38.65,156.9697917,-58.73941667,-13.25,2.21
りゅうこつ,Car,156.9697917,-58.73941667,-13.25,2.21,154.270875,-61.33233333,-24.25,6.38
りゅうこつ,Car,154.270875,-61.33233333,-24.25,6.38,139.272625,-59.27525,-19.03,13.11
りゅうこつ,Car,130.1543333,-59.76102778,-6.87,4.92,125.6285833,-59.50952778,-25.34,22.72
りゅうこつ,Car,125.6285833,-59.50952778,-25.34,22.72,95.987875,-52.69572222,19.99,23.67
りゅうこつ,Car,137.742125,-58.96691667,-17.67,14.14,139.272625,-59.27525,-19.03,13.11
りゅうこつ,Car,137.742125,-58.96691667,-17.67,14.14,130.1543333,-59.76102778,-6.87,4.92
りゅうこつ,Car,95.987875,-52.69572222,19.99,23.67,99.44029167,-43.19591667,-0.43,-3.99
りゅうこつ,Car,125.6285833,-59.50952778,-25.34,22.72,120.896125,-40.00319444,-30.82,16.77
カシオペヤ,Cas,28.59866667,63.67013889,31.98,-18.66,21.4525,60.23541667,297.24,-49.49
カシオペヤ,Cas,21.4525,60.23541667,297.24,-49.49,14.17708333,60.71675,25.65,-3.82
カシオペヤ,Cas,14.17708333,60.71675,25.65,-3.82,10.126625,56.53741667,50.36,-32.17
カシオペヤ,Cas,10.126625,56.53741667,50.36,-32.17,2.29204167,59.15022222,523.39,-180.42
ケンタウルス,Cen,219.9204167,-60.83513889,-3678.19,481.84,210.956,-60.37297222,-33.96,-25.06
ケンタウルス,Cen,210.956,-60.37297222,-33.96,-25.06,204.9719583,-53.46636111,-14.6,-12.79
ケンタウルス,Cen,204.9719583,-53.46636111,-14.6,-12.79,208.885125,-47.28827778,-57.14,-44.75
ケンタウルス,Cen,208.885125,-47.28827778,-57.14,-44.75,209.669875,-44.80352778,-27.97,-21.69
ケンタウルス,Cen,209.669875,-44.80352778,-27.97,-21.69,207.4042083,-42.47369444,-23.85,-19.22
ケンタウルス,Cen,207.4042083,-42.47369444,-23.85,-19.22,207.37625,-41.68766667,-26.01,-20.38
ケンタウルス,Cen,207.37625,-41.68766667,-26.01,-20.38,202.761125,-39.40727778,-15.65,-11.25
ケンタウルス,Cen,202.761125,-39.40727778,-15.65,-11.25,200.1502917,-36.71208333,-340.76,-87.98
ケンタウルス,Cen,207.37625,-41.68766667,-26.01,-20.38,211.6721667,-36.36869444,-519.29,-517.87
ケンタウルス,Cen,207.4042083,-42.47369444,-23.85,-19.22,218.876875,-42.15775,-35.31,-32.44
ケンタウルス,Cen,218.876875,-42.15775,-35.31,-32.44,224.7904167,-42.10413889,-17.76,-21.33
ケンタウルス,Cen,208.885125,-47.28827778,-57.14,-44.75,190.38,-48.95988889,-187.28,-1.2
ケンタウルス,Cen,190.38,-48.95988889,-187.28,-1.2,187.0100417,-50.23061111,-32.49,-12.41
ケンタウルス,Cen,187.0100417,-50.23061111,-32.49,-12.41,182.08975,-50.72241667,-47.53,-6.42
ケンタウルス,Cen,182.08975,-50.72241667,-47.53,-6.42,173.6904583,-54.26413889,-55.55,16.64
ケンタウルス,Cen,173.6904583,-54.26413889,-55.55,16.64,173.9455417,-63.01983333,-33.84,-6.87
ケフェウス,Cep,332.7135833,58.20125,13.35,4.49,342.4204583,66.20072222,-66.1,-124.74
ケフェウス,Cep,342.4204583,66.20072222,-66.1,-124.74,322.1649167,70.56069444,12.6,8.73
ケフェウス,Cep,322.1649167,70.56069444,12.6,8.73,319.6440833,62.58544444,149.91,48.27
ケフェウス,Cep,319.6440833,62.58544444,149.91,48.27,332.7135833,58.20125,13.35,4.49
ケフェウス,Cep,342.4204583,66.20072222,-66.1,-124.74,354.8374167,77.63197222,-48.85,127.18
ケフェウス,Cep,354.8374167,77.63197222,-48.85,127.18,322.1649167,70.56069444,12.6,8.73
くじら,Cet,33.25004167,8.84675,-26.23,-14.4,37.03966667,8.46008333,41.72,-14.46
くじら,Cet,26.021375,-15.93955556,-1721.82,854.07,10.89679167,-17.98669444,232.79,32.71
くじら,Cet,10.89679167,-17.98669444,232.79,32.71,4.857,-8.82383333,-14.37,-37.84
くじら,Cet,10.89679167,-17.98669444,232.79,32.71,17.14691667,-10.18191667,215.81,-138.33
くじら,Cet,17.14691667,-10.18191667,215.81,-138.33,21.00604167,-8.18275,-78.38,-206.88
くじら,Cet,21.00604167,-8.18275,-78.38,-206.88,27.86504167,-10.33494444,38.78,-38.04
くじら,Cet,27.86504167,-10.33494444,38.78,-38.04,36.48754167,-12.29044444,-11.71,-11.37
くじら,Cet,36.48754167,-12.29044444,-11.71,-11.37,39.89054167,-11.87158333,172.01,-236.31
くじら,Cet,39.89054167,-11.87158333,172.01,-236.31,41.030625,-13.85866667,-7.58,-8.4
くじら,Cet,41.030625,-13.85866667,-7.58,-8.4,38.022,-15.24433333,-80.92,-146.84
くじら,Cet,38.022,-15.24433333,-80.92,-146.84,26.021375,-15.93955556,-1721.82,854.07
くじら,Cet,34.836625,-2.97705556,10.33,-239.48,39.89054167,-11.87158333,172.01,-236.31
くじら,Cet,34.836625,-2.97705556,10.33,-239.48,39.870625,0.32852778,14.44,-2.53
くじら,Cet,39.870625,0.32852778,14.44,-2.53,40.8255,3.23616667,-146.43,-145.27
くじら,Cet,40.8255,3.23616667,-146.43,-145.27,45.56991667,4.08991667,-11.81,-78.76
くじら,Cet,45.56991667,4.08991667,-11.81,-78.76,44.92875,8.90738889,9.22,-14.92
くじら,Cet,44.92875,8.90738889,9.22,-14.92,41.234875,10.11422222,285.17,-30.4
くじら,Cet,41.234875,10.11422222,285.17,-30.4,37.03966667,8.46008333,41.72,-14.46
くじら,Cet,37.03966667,8.46008333,41.72,-14.46,38.96870833,5.59330556,-28.89,-22.76
くじら,Cet,38.96870833,5.59330556,-28.89,-22.76,40.8255,3.23616667,-146.43,-145.27
カメレオン,Cha,124.6302917,-76.91997222,109.84,106.92,158.8675833,-78.60780556,-38,11.53
カメレオン,Cha,158.8675833,-78.60780556,-38,11.53,184.58725,-79.31227778,-38.07,12
コンパス,Cir,220.627875,-64.97458333,-192.64,-234.07,230.8444167,-59.32069444,-10.29,-36.57
コンパス,Cir,220.627875,-64.97458333,-192.64,-234.07,229.379,-58.80088889,-98.39,-135.46
おおいぬ,CMa,103.5478333,-12.03858333,-139.04,-14.47,105.9395417,-15.63325,-0.81,-11.2
おおいぬ,CMa,105.9395417,-15.63325,-0.81,-11.2,104.0342917,-17.05425,-2.46,1.91
おおいぬ,CMa,104.0342917,-17.05425,-2.46,1.91,101.2885417,-16.71313889,-546.01,-1223.08
おおいぬ,CMa,101.2885417,-16.71313889,-546.01,-1223.08,105.756125,-23.83330556,-1.56,4.28
おおいぬ,CMa,105.756125,-23.83330556,-1.56,4.28,107.097875,-26.39319444,-2.75,3.33
おおいぬ,CMa,107.097875,-26.39319444,-2.75,3.33,108.70275,-26.77269444,-11.5,7.67
おおいぬ,CMa,108.70275,-26.77269444,-11.5,7.67,111.0237917,-29.30311111,-3.76,6.66
おおいぬ,CMa,104.6564583,-28.97208333,2.63,2.29,105.4297917,-27.93483333,-6.01,4.64
おおいぬ,CMa,105.4297917,-27.93483333,-6.01,4.64,107.097875,-26.39319444,-2.75,3.33
おおいぬ,CMa,105.4297917,-27.93483333,-6.01,4.64,103.554375,-23.92836111,-3.86,4.75
おおいぬ,CMa,103.554375,-23.92836111,-3.86,4.75,99.17083333,-19.25572222,62.32,-69.91
おおいぬ,CMa,99.17083333,-19.25572222,62.32,-69.91,98.76408333,-22.96483333,13.11,16.52
おおいぬ,CMa,99.17083333,-19.25572222,62.32,-69.91,95.67495833,-17.95591667,-3.45,-0.47
おおいぬ,CMa,99.17083333,-19.25572222,62.32,-69.91,101.2885417,-16.71313889,-546.01,-1223.08
おおいぬ,CMa,104.6564583,-28.97208333,2.63,2.29,102.4602917,-32.5085,-9.18,4.04
おおいぬ,CMa,95.07829167,-30.06338889,8,3.81,104.6564583,-28.97208333,2.63,2.29
おおいぬ,CMa,104.0342917,-17.05425,-2.46,1.91,103.5478333,-12.03858333,-139.04,-14.47
こいぬ,CMi,114.82725,5.2275,-716.57,-1034.58,111.7877917,8.28941667,-50.28,-38.45
かに,Cnc,131.6742917,28.76,-20.69,-43.95,130.8217083,21.46858333,-106.94,-39.25
かに,Cnc,130.8217083,21.46858333,-106.94,-39.25,125.016125,27.21861111,-18.38,-376.26
かに,Cnc,130.8217083,21.46858333,-106.94,-39.25,131.1712917,18.15486111,-17.1,-228.46
かに,Cnc,131.1712917,18.15486111,-17.1,-228.46,124.1289583,9.18566667,-46.8,-48.65
かに,Cnc,131.1712917,18.15486111,-17.1,-228.46,134.6216667,11.85777778,41.45,-29.22
はと,Col,95.52854167,-33.43627778,-24.19,-52.48,94.13808333,-35.14072222,0.39,87.58
はと,Col,94.13808333,-35.14072222,0.39,87.58,89.38420833,-35.28330556,-2.65,11.19
はと,Col,89.38420833,-35.28330556,-2.65,11.19,87.73979167,-35.76930556,55.74,404.68
はと,Col,87.73979167,-35.76930556,55.74,404.68,89.786625,-42.81511111,18.53,-11.45
はと,Col,87.73979167,-35.76930556,55.74,404.68,84.91225,-34.07405556,-0.1,-24.05
はと,Col,84.91225,-34.07405556,-0.1,-24.05,82.80308333,-35.47044444,28.36,-34.11
かみのけ,Com,197.498125,17.52911111,-445.95,129.69,197.9705,27.87602778,-801.94,882.7
かみのけ,Com,197.9705,27.87602778,-801.94,882.7,186.7347083,28.26861111,-83.41,-80.99
みなみのかんむり,CrA,280.9455833,-38.32330556,1.12,-53.81,284.1687083,-37.34319444,8.79,-23.68
みなみのかんむり,CrA,284.1687083,-37.34319444,8.79,-23.68,284.681125,-37.10708333,-132.25,-110.45
みなみのかんむり,CrA,284.681125,-37.10708333,-132.25,-110.45,286.6043333,-37.06275,96.93,-279.67
みなみのかんむり,CrA,286.6043333,-37.06275,96.93,-279.67,287.3678333,-37.90425,85.73,-96.65
みなみのかんむり,CrA,287.3678333,-37.90425,85.73,-96.65,287.5072917,-39.34069444,5.89,-36.78
みなみのかんむり,CrA,287.5072917,-39.34069444,5.89,-36.78,287.0872083,-40.49663889,48.05,-26.84
みなみのかんむり,CrA,287.0872083,-40.49663889,48.05,-26.84,285.7784583,-42.095,55.74,-45.33
みなみのかんむり,CrA,285.7784583,-42.095,55.74,-45.33,284.0707083,-42.71061111,-27.03,-30.48
みなみのかんむり,CrA,280.9455833,-38.32330556,1.12,-53.81,278.0887917,-39.70391667,31.98,-37.62
かんむり,CrB,233.2325,31.35916667,-19.62,-8.94,231.9577083,29.1055,-181.39,86.84
かんむり,CrB,231.9577083,29.1055,-181.39,86.84,233.671625,26.71491667,120.38,-89.44
かんむり,CrB,233.671625,26.71491667,120.38,-89.44,235.686,26.29552778,-112.52,50.7
かんむり,CrB,235.686,26.29552778,-112.52,50.7,237.39875,26.06855556,-79.85,-63.78
かんむり,CrB,237.39875,26.06855556,-79.85,-63.78,239.3970833,26.87802778,-76.55,-60.24
かんむり,CrB,239.3970833,26.87802778,-76.55,-60.24,240.3607917,29.85108333,-38.2,-6.9
コップ,Crt,164.9447917,-18.29911111,-462.39,129.11,167.9145417,-22.82561111,4.73,-99.06
コップ,Crt,167.9145417,-22.82561111,4.73,-99.06,171.22075,-17.68402778,-97.01,3.22
コップ,Crt,171.22075,-17.68402778,-97.01,3.22,169.8355,-14.77905556,-124.47,206.61
コップ,Crt,169.8355,-14.77905556,-124.47,206.61,164.9447917,-18.29911111,-462.39,129.11
コップ,Crt,169.8355,-14.77905556,-124.47,206.61,171.1525417,-10.85938889,-24.14,24.46
コップ,Crt,171.1525417,-10.85938889,-24.14,24.46,174.170625,-9.80225,-59.32,2.82
コップ,Crt,174.170625,-9.80225,-59.32,2.82,179.0040833,-17.15080556,-49.07,-8.23
コップ,Crt,179.0040833,-17.15080556,-49.07,-8.23,176.1906667,-18.35061111,27.15,-24.56
コップ,Crt,176.1906667,-18.35061111,27.15,-24.56,171.22075,-17.68402778,-97.01,3.22
みなみじゅうじ,Cru,187.791375,-57.11255556,27.94,-264.33,186.64975,-63.09905556,-35.37,-14.73
みなみじゅうじ,Cru,191.9305,-59.68872222,-48.24,-12.82,183.7865,-58.74888889,-36.68,-10.72
からす,Crv,188.0186667,-16.19586111,-424.37,-58.41,187.4665833,-16.51508333,-209.97,-139.3
からす,Crv,187.4665833,-16.51508333,-209.97,-139.3,183.9519583,-17.54197222,-159.58,22.31
からす,Crv,183.9519583,-17.54197222,-159.58,22.31,182.531375,-22.61980556,-71.52,10.55
からす,Crv,182.531375,-22.61980556,-71.52,10.55,182.103125,-24.72877778,100.18,-39.33
からす,Crv,182.531375,-22.61980556,-71.52,10.55,188.5967917,-23.39661111,0.86,-56
からす,Crv,188.5967917,-23.39661111,0.86,-56,187.4665833,-16.51508333,-209.97,-139.3
りょうけん,CVn,188.437875,41.35677778,-705.06,292.93,194.0076667,38.31825,-233.43,54.98
はくちょう,Cyg,289.2754583,53.36816667,60.22,122.93,292.4264167,51.72947222,20.92,128.12
はくちょう,Cyg,292.4264167,51.72947222,20.92,128.12,296.2435,45.13069444,43.22,48.44
はくちょう,Cyg,296.2435,45.13069444,43.22,48.44,305.5570833,40.25669444,2.43,-0.93
はくちょう,Cyg,305.5570833,40.25669444,2.43,-0.93,310.3579583,45.28033333,1.56,1.55
はくちょう,Cyg,305.5570833,40.25669444,2.43,-0.93,311.5517917,33.96944444,356.16,330.28
はくちょう,Cyg,311.5517917,33.96944444,356.16,330.28,318.2340833,30.22708333,6.87,-68.12
はくちょう,Cyg,318.2340833,30.22708333,6.87,-68.12,326.035,28.74322222,260.33,-242.73
はくちょう,Cyg,305.5570833,40.25669444,2.43,-0.93,299.0766667,35.0835,-34,-27.6
はくちょう,Cyg,299.0766667,35.0835,-34,-27.6,292.680375,27.95969444,-7.09,-5.63
いるか,Del,308.3031667,11.30333333,10.75,-28.54,309.3869583,14.59519444,118.28,-47.65
いるか,Del,309.3869583,14.59519444,118.28,-47.65,309.909375,15.91205556,54.14,7.91
いるか,Del,309.909375,15.91205556,54.14,7.91,311.6646667,16.12477778,-25.88,-196.27
いるか,Del,311.6646667,16.12477778,-25.88,-196.27,310.8647917,15.07469444,-19.61,-41.74
いるか,Del,310.8647917,15.07469444,-19.61,-41.74,309.3869583,14.59519444,118.28,-47.65
かじき,Dor,86.19341667,-65.73552778,-28.38,6.12,88.52458333,-63.09102778,120.11,573.43
かじき,Dor,88.52458333,-63.09102778,120.11,573.43,83.40633333,-62.48986111,1.06,12.56
かじき,Dor,83.40633333,-62.48986111,1.06,12.56,86.19341667,-65.73552778,-28.38,6.12
かじき,Dor,83.40633333,-62.48986111,1.06,12.56,68.49883333,-55.045,58.06,12.73
かじき,Dor,68.49883333,-55.045,58.06,12.73,64.00620833,-51.48708333,100.57,184.23
りゅう,Dra,268.3817917,56.87244444,93.65,78.44,269.1515833,51.48894444,-8.52,-23.05
りゅう,Dra,269.1515833,51.48894444,-8.52,-23.05,262.60825,52.30136111,-15.59,11.57
りゅう,Dra,262.60825,52.30136111,-15.59,11.57,263.0661667,55.17280556,143.71,62.46
りゅう,Dra,263.0661667,55.17280556,143.71,62.46,268.3817917,56.87244444,93.65,78.44
りゅう,Dra,268.3817917,56.87244444,93.65,78.44,288.138125,67.66130556,94.49,92.3
りゅう,Dra,288.138125,67.66130556,94.49,92.3,297.0425417,70.26783333,80.18,39.02
りゅう,Dra,297.0425417,70.26783333,80.18,39.02,275.25975,72.73369444,531.08,-351.59
りゅう,Dra,275.25975,72.73369444,531.08,-351.59,257.1967917,65.71463889,-20.76,19.15
りゅう,Dra,257.1967917,65.71463889,-20.76,19.15,245.9979583,61.51408333,-16.98,56.68
りゅう,Dra,245.9979583,61.51408333,-16.98,56.68,240.47375,58.56444444,-320.07,334.96
りゅう,Dra,240.47375,58.56444444,-320.07,334.96,231.2324167,58.96602778,-8.27,17.3
りゅう,Dra,231.2324167,58.96602778,-8.27,17.3,211.097625,64.37580556,-56.52,17.19
りゅう,Dra,211.097625,64.37580556,-56.52,17.19,188.371,69.78822222,-58.14,11.42
りゅう,Dra,188.371,69.78822222,-58.14,11.42,172.8512083,69.33111111,-41.14,-18.79
こうま,Equ,317.5852917,10.13194444,49.07,-151.85,318.6199583,10.00772222,42.32,-303.43
こうま,Equ,318.6199583,10.00772222,42.32,-303.43,320.72325,6.81111111,52.66,11.15
こうま,Equ,320.72325,6.81111111,52.66,11.15,318.9558333,5.24808333,59.63,-94.33
こうま,Equ,318.9558333,5.24808333,59.63,-94.33,317.5852917,10.13194444,49.07,-151.85
エリダヌス,Eri,24.428125,-57.23666667,88.02,-40.08,28.98679167,-51.60958333,681.24,284.23
エリダヌス,Eri,28.98679167,-51.60958333,681.24,284.23,34.12708333,-51.51211111,90.75,-21.9
エリダヌス,Eri,34.12708333,-51.51211111,90.75,-21.9,36.74625,-47.70383333,19.97,-5.44
エリダヌス,Eri,36.74625,-47.70383333,19.97,-5.44,39.94966667,-42.89163889,92.11,-15.07
エリダヌス,Eri,39.94966667,-42.89163889,92.11,-15.07,40.166375,-39.85530556,135.17,-27.34
エリダヌス,Eri,40.166375,-39.85530556,135.17,-27.34,44.5655,-40.30472222,-53.53,25.71
エリダヌス,Eri,44.5655,-40.30472222,-53.53,25.71,49.97175,-43.07155556,3038.08,726.34
エリダヌス,Eri,49.97175,-43.07155556,3038.08,726.34,57.14925,-37.62013889,75.83,-10.69
エリダヌス,Eri,57.14925,-37.62013889,75.83,-10.69,57.36366667,-36.20011111,-49.42,-56.63
エリダヌス,Eri,57.36366667,-36.20011111,-49.42,-56.63,64.47341667,-33.79833333,62.31,-6.75
エリダヌス,Eri,64.47341667,-33.79833333,62.31,-6.75,66.00904167,-34.017,73.77,57.57
エリダヌス,Eri,66.00904167,-34.017,73.77,57.57,68.88779167,-30.56230556,-48.92,-12.75
エリダヌス,Eri,68.88779167,-30.56230556,-48.92,-12.75,56.71245833,-23.24844444,-159.86,-528.54
エリダヌス,Eri,56.71245833,-23.24844444,-159.86,-528.54,53.446875,-21.63280556,44.91,-27.47
エリダヌス,Eri,53.446875,-21.63280556,44.91,-27.47,49.87904167,-21.75794444,51.35,32.2
エリダヌス,Eri,49.87904167,-21.75794444,51.35,32.2,45.59829167,-23.62433333,-145.96,-55.76
エリダヌス,Eri,45.59829167,-23.62433333,-145.96,-55.76,41.27491667,-18.57263889,330.93,36.28
エリダヌス,Eri,41.27491667,-18.57263889,330.93,36.28,44.10666667,-8.89761111,77.73,-219.99
エリダヌス,Eri,44.10666667,-8.89761111,77.73,-219.99,48.95845833,-8.81983333,-3.82,45.52
エリダヌス,Eri,48.95845833,-8.81983333,-3.82,45.52,53.23508333,-9.45830556,-976.44,17.97
エリダヌス,Eri,53.23508333,-9.45830556,-976.44,17.97,55.81233333,-9.76519444,-91.71,742.23
エリダヌス,Eri,55.81233333,-9.76519444,-91.71,742.23,69.07975,-3.35244444,1.73,-4.54
エリダヌス,Eri,69.07975,-3.35244444,1.73,-4.54,71.37558333,-3.25461111,17.27,-13.51
エリダヌス,Eri,71.37558333,-3.25461111,17.27,-13.51,73.22366667,-5.45275,-18.01,25.03
エリダヌス,Eri,73.22366667,-5.45275,-18.01,25.03,76.962625,-5.08625,-83.39,-75.44
エリダヌス,Eri,76.962625,-5.08625,-83.39,-75.44,77.28658333,-8.75408333,0,-2.01
エリダヌス,Eri,77.28658333,-8.75408333,0,-2.01,69.54529167,-14.30358333,-77.86,-178.06
ろ,For,42.27233333,-32.40627778,86.96,158.96,48.01783333,-28.98911111,371.49,612.26
ふたご,Gem,99.42791667,16.39941667,-2.04,-66.92,106.02725,20.57030556,-5.72,-0.96
ふたご,Gem,106.02725,20.57030556,-5.72,-0.96,110.0307917,21.98233333,-18.72,-7.76
ふたご,Gem,110.0307917,21.98233333,-18.72,-7.76,109.523375,16.54047222,-46.09,-37.9
ふたご,Gem,109.523375,16.54047222,-46.09,-37.9,101.322625,12.89605556,-115.16,-190.91
ふたご,Gem,110.0307917,21.98233333,-18.72,-7.76,113.9807083,26.896,-39.58,-108.08
ふたご,Gem,113.9807083,26.896,-39.58,-108.08,116.1119583,24.39813889,-22.45,-56.24
ふたご,Gem,113.9807083,26.896,-39.58,-108.08,116.3306667,28.02630556,-625.69,-45.95
ふたご,Gem,113.9807083,26.896,-39.58,-108.08,111.432,27.79827778,-121.28,-84.43
ふたご,Gem,111.432,27.79827778,-121.28,-84.43,107.7849583,30.24527778,-31,-48.4
ふたご,Gem,107.7849583,30.24527778,-31,-48.4,113.65,31.88863889,-206.33,-148.18
ふたご,Gem,107.7849583,30.24527778,-31,-48.4,103.19725,33.96136111,-2.66,-47.67
ふたご,Gem,107.7849583,30.24527778,-31,-48.4,100.9830417,25.13116667,-5.93,-12.81
ふたご,Gem,100.9830417,25.13116667,-5.93,-12.81,97.24079167,20.21216667,-5.98,-14.08
ふたご,Gem,100.9830417,25.13116667,-5.93,-12.81,95.73995833,22.51386111,56.84,-108.79
ふたご,Gem,95.73995833,22.51386111,56.84,-108.79,93.71958333,22.50683333,-62.53,-10.24
ふたご,Gem,93.71958333,22.50683333,-62.53,-10.24,91.03008333,23.26363889,-2.6,-119.72
つる,Gru,346.719875,-43.52033333,-48.35,-13.98,337.3172917,-43.49555556,25.62,-4.23
つる,Gru,337.3172917,-43.49555556,25.62,-4.23,332.0578333,-46.96061111,127.6,-147.91
つる,Gru,332.0578333,-46.96061111,127.6,-147.91,340.666375,-46.88455556,135.68,-4.51
つる,Gru,340.666375,-46.88455556,135.68,-4.51,347.5892917,-45.24663889,132.42,-26.27
つる,Gru,347.5892917,-45.24663889,132.42,-26.27,346.719875,-43.52033333,-48.35,-13.98
つる,Gru,340.666375,-46.88455556,135.68,-4.51,345.2202917,-52.75411111,-65.09,-12.91
つる,Gru,340.666375,-46.88455556,135.68,-4.51,342.1383333,-51.31669444,108.47,-65.93
つる,Gru,332.0578333,-46.96061111,127.6,-147.91,331.52875,-39.54305556,-24.16,-125.17
つる,Gru,331.52875,-39.54305556,-24.16,-125.17,328.481875,-37.36483333,95.88,-12.1
ヘルクレス,Her,264.8662083,46.00633333,-7.17,3.97,269.06325,37.25052778,2.74,7.24
ヘルクレス,Her,269.06325,37.25052778,2.74,7.24,260.9207083,37.14591667,-38.58,9.19
ヘルクレス,Her,260.9207083,37.14591667,-38.58,9.19,259.417875,37.29133333,-42.74,63.76
ヘルクレス,Her,259.417875,37.29133333,-42.74,63.76,258.761875,36.80916667,-27.35,2.7
ヘルクレス,Her,258.761875,36.80916667,-27.35,2.7,250.7239167,38.92247222,35.58,-84.98
ヘルクレス,Her,250.7239167,38.92247222,35.58,-84.98,248.5257917,42.43688889,-9.03,59.8
ヘルクレス,Her,248.5257917,42.43688889,-9.03,59.8,244.9352083,46.31327778,-13.15,39.31
ヘルクレス,Her,244.9352083,46.31327778,-13.15,39.31,238.1674583,42.45,438.97,629.52
ヘルクレス,Her,250.7239167,38.92247222,35.58,-84.98,250.3228333,31.60188889,-462.58,345.05
ヘルクレス,Her,250.3228333,31.60188889,-462.58,345.05,247.55525,21.48963889,-98.43,-14.49
ヘルクレス,Her,247.55525,21.48963889,-98.43,-14.49,245.4801667,19.15302778,-47.44,44.61
ヘルクレス,Her,250.3228333,31.60188889,-462.58,345.05,255.0725417,30.92633333,-47.68,26.89
ヘルクレス,Her,255.0725417,30.92633333,-47.68,26.89,262.6845833,26.11061111,18.39,16.78
ヘルクレス,Her,262.6845833,26.11061111,18.39,16.78,258.758,24.83958333,-21.14,-157.68
ヘルクレス,Her,266.6155,27.7225,-291.42,-750,269.4409583,29.24791667,82.33,-18.73
ヘルクレス,Her,269.4409583,29.24791667,82.33,-18.73,271.885625,28.76247222,-0.17,7.51
ヘルクレス,Her,269.4409583,29.24791667,82.33,-18.73,266.6155,27.7225,-291.42,-750
ヘルクレス,Her,255.0725417,30.92633333,-47.68,26.89,258.761875,36.80916667,-27.35,2.7
とけい,Hor,63.50033333,-42.29386111,41.89,-203.65,40.16491667,-54.54991667,32.76,5.24
とけい,Hor,40.16491667,-54.54991667,32.76,5.24,45.90375,-59.73761111,-72.81,-63.89
うみへび,Hya,130.8062083,3.39866667,-19.14,-1.29,129.689375,3.34147222,-19.03,-16.29
うみへび,Hya,129.689375,3.34147222,-19.03,-16.29,129.4142083,5.70380556,-70.27,-6.99
うみへび,Hya,129.4142083,5.70380556,-70.27,-6.99,131.694375,6.41891667,-231.04,-40.17
うみへび,Hya,131.694375,6.41891667,-231.04,-40.17,132.10825,5.83788889,-17.51,-29.79
うみへび,Hya,132.10825,5.83788889,-17.51,-29.79,130.8062083,3.39866667,-19.14,-1.29
うみへび,Hya,132.10825,5.83788889,-17.51,-29.79,133.8486667,5.94552778,-99.76,14.65
うみへび,Hya,133.8486667,5.94552778,-99.76,14.65,138.5907917,2.31502778,112.57,-306.07
うみへび,Hya,138.5907917,2.31502778,112.57,-306.07,142.9955417,-1.18466667,-11.42,-3.87
うみへび,Hya,142.9955417,-1.18466667,-11.42,-3.87,142.2868333,-2.76894444,100.93,-3.15
うみへび,Hya,142.2868333,-2.76894444,100.93,-3.15,141.896875,-8.65869444,-14.49,33.25
うみへび,Hya,141.896875,-8.65869444,-14.49,33.25,147.8695,-14.84655556,18.68,-21.88
うみへび,Hya,147.8695,-14.84655556,18.68,-21.88,152.6475,-12.35383333,-200.33,-100.28
うみへび,Hya,152.6475,-12.35383333,-200.33,-100.28,156.5229583,-16.83608333,-128.51,-80.06
うみへび,Hya,156.5229583,-16.83608333,-128.51,-80.06,162.4059583,-16.19413889,92.77,199.02
うみへび,Hya,162.4059583,-16.19413889,92.77,199.02,173.2510833,-31.85752778,-209.09,-41.6
うみへび,Hya,173.2510833,-31.85752778,-209.09,-41.6,178.2273333,-33.90813889,-58.02,2.4
うみへび,Hya,178.2273333,-33.90813889,-58.02,2.4,197.2636667,-23.11797222,-19.97,-39.9
うみへび,Hya,197.2636667,-23.11797222,-19.97,-39.9,199.7302083,-23.17141667,68.41,-41.09
みずへび,Hyi,6.41333333,-77.25502778,2220.12,324.37,56.80929167,-74.23925,51.07,115.27
みずへび,Hyi,56.80929167,-74.23925,51.07,115.27,39.89675,-68.26694444,87.4,0.56
みずへび,Hyi,39.89675,-68.26694444,87.4,0.56,35.43758333,-68.65941667,-50.07,2.38
みずへび,Hyi,35.43758333,-68.65941667,-50.07,2.38,29.691125,-61.56991667,262.54,26.88
インディアン,Ind,319.9661667,-53.44927778,107.37,-67.12,309.391625,-47.29166667,49.2,66.07
インディアン,Ind,309.391625,-47.29166667,49.2,66.07,313.7024167,-58.45408333,21.06,-24.75
インディアン,Ind,313.7024167,-58.45408333,21.06,-24.75,319.9661667,-53.44927778,107.37,-67.12
とかげ,Lac,333.992375,37.74872222,8.74,0.76,337.6219167,43.12338889,-2.05,-5.76
とかげ,Lac,337.6219167,43.12338889,-2.05,-5.76,337.3825833,47.70688889,-0.6,-3.37
とかげ,Lac,337.3825833,47.70688889,-0.6,-3.37,336.1291667,49.47638889,-5.12,-3.37
とかげ,Lac,336.1291667,49.47638889,-5.12,-3.37,335.8901667,52.2295,-13.56,-186.37
とかげ,Lac,335.8901667,52.2295,-13.56,-186.37,337.8224167,50.28244444,137.22,17.15
とかげ,Lac,337.8224167,50.28244444,137.22,17.15,337.3825833,47.70688889,-0.6,-3.37
しし,Leo,177.2661667,14.57233333,-499.02,-113.78,168.5601667,15.42975,-59.01,-79.37
しし,Leo,168.5601667,15.42975,-59.01,-79.37,152.0935833,11.96719444,-249.4,4.91
しし,Leo,152.0935833,11.96719444,-249.4,4.91,151.833125,16.76266667,-1.94,-0.53
しし,Leo,151.833125,16.76266667,-1.94,-0.53,154.9923333,19.84186111,310.77,-152.88
しし,Leo,154.9923333,19.84186111,310.77,-152.88,168.5267083,20.52402778,143.31,-130.43
しし,Leo,168.5267083,20.52402778,143.31,-130.43,177.2661667,14.57233333,-499.02,-113.78
しし,Leo,154.9923333,19.84186111,310.77,-152.88,154.1725,23.41733333,19.84,-7.3
しし,Leo,154.1725,23.41733333,19.84,-7.3,148.1915,26.00708333,-216.29,-54.92
しし,Leo,148.1915,26.00708333,-216.29,-54.92,146.4629167,23.77427778,-46.09,-9.57
しし,Leo,168.5267083,20.52402778,143.31,-130.43,168.5601667,15.42975,-59.01,-79.37
うさぎ,Lep,91.538875,-14.93527778,-16.87,13.16,89.10133333,-14.16802778,-42.23,139.02
うさぎ,Lep,89.10133333,-14.16802778,-42.23,139.02,86.73895833,-14.82194444,-14.84,-1.18
うさぎ,Lep,86.73895833,-14.82194444,-14.84,-1.18,83.18254167,-17.82230556,3.27,1.54
うさぎ,Lep,83.18254167,-17.82230556,3.27,1.54,78.23279167,-16.20541667,45.66,-16.13
うさぎ,Lep,83.18254167,-17.82230556,3.27,1.54,87.82979167,-20.8775,228.96,-647.96
うさぎ,Lep,87.82979167,-20.8775,228.96,-647.96,86.11654167,-22.4475,-292.42,-368.45
うさぎ,Lep,86.11654167,-22.4475,-292.42,-368.45,82.061375,-20.75922222,-5.03,-85.92
うさぎ,Lep,82.061375,-20.75922222,-5.03,-85.92,76.36520833,-22.37086111,19.27,-72.35
うさぎ,Lep,83.18254167,-17.82230556,3.27,1.54,82.061375,-20.75922222,-5.03,-85.92
うさぎ,Lep,78.23279167,-16.20541667,45.66,-16.13,79.893875,-13.17677778,-2.49,-4.74
うさぎ,Lep,78.23279167,-16.20541667,45.66,-16.13,78.307875,-12.94127778,-12.22,-1.32
うさぎ,Lep,76.36520833,-22.37086111,19.27,-72.35,78.23279167,-16.20541667,45.66,-16.13
うさぎ,Lep,78.307875,-12.94127778,-12.22,-1.32,78.07454167,-11.86913889,24.95,-31.22
うさぎ,Lep,79.893875,-13.17677778,-2.49,-4.74,79.99595833,-12.31561111,-12.12,7.97
てんびん,Lib,238.4561667,-16.72961111,100.12,135.27,233.8814167,-14.78955556,65.67,6.93
てんびん,Lib,233.8814167,-14.78955556,65.67,6.93,229.2519583,-9.38286111,-96.39,-20.76
てんびん,Lib,229.2519583,-9.38286111,-96.39,-20.76,222.7199167,-16.04161111,-105.69,-69
てんびん,Lib,222.7199167,-16.04161111,-105.69,-69,226.01775,-25.28186111,-71.85,-44.69
てんびん,Lib,226.01775,-25.28186111,-71.85,-44.69,233.8814167,-14.78955556,65.67,6.93
こじし,LMi,163.3276667,34.21555556,92.47,-286.06,156.9712083,36.70747222,-127.52,-109.62
こじし,LMi,156.9712083,36.70747222,-127.52,-109.62,151.8572083,35.24469444,50.97,0.64
こじし,LMi,151.8572083,35.24469444,50.97,0.64,143.55575,36.39761111,6.82,-22.89
こじし,LMi,151.8572083,35.24469444,50.97,0.64,163.3276667,34.21555556,92.47,-286.06
おおかみ,Lup,237.73975,-33.62711111,-5.92,-24.91,241.817375,-36.75552778,52.54,-56.45
おおかみ,Lup,241.817375,-36.75552778,52.54,-56.45,240.0305833,-38.39663889,-16.58,-27.06
おおかみ,Lup,240.0305833,-38.39663889,-16.58,-27.06,237.73975,-33.62711111,-5.92,-24.91
おおかみ,Lup,240.0305833,-38.39663889,-16.58,-27.06,233.78525,-41.16669444,-16.05,-25.52
おおかみ,Lup,233.78525,-41.16669444,-16.05,-25.52,230.3430833,-40.64747222,-19.11,-24.05
おおかみ,Lup,230.3430833,-40.64747222,-19.11,-24.05,230.4518333,-36.26116667,-91.85,-86.03
おおかみ,Lup,230.3430833,-40.64747222,-19.11,-24.05,224.633125,-43.13386111,-34.06,-38.3
おおかみ,Lup,233.78525,-41.16669444,-16.05,-25.52,234.5138333,-42.56747222,-147.6,56.35
おおかみ,Lup,234.5138333,-42.56747222,-147.6,56.35,228.0716667,-52.09908333,-113.94,-71
おおかみ,Lup,228.0716667,-52.09908333,-113.94,-71,220.482375,-47.38813889,-21.15,-24.22
おおかみ,Lup,228.0716667,-52.09908333,-113.94,-71,219.471875,-49.42575,-27.78,-29.05
おおかみ,Lup,220.482375,-47.38813889,-21.15,-24.22,216.545,-45.37925,13.55,-6.35
おおかみ,Lup,220.482375,-47.38813889,-21.15,-24.22,224.633125,-43.13386111,-34.06,-38.3
やまねこ,Lyn,140.2644167,34.39252778,-222.8,14.78,139.711125,36.80288889,-32.61,-123.78
やまねこ,Lyn,139.711125,36.80288889,-32.61,-123.78,136.6324583,38.45225,-28.37,-14.34
やまねこ,Lyn,136.6324583,38.45225,-28.37,-14.34,135.1614583,41.78344444,-487.67,-219.29
やまねこ,Lyn,135.1614583,41.78344444,-487.67,-219.29,125.708875,43.18836111,-25.62,-99.44
やまねこ,Lyn,125.708875,43.18836111,-25.62,-99.44,111.6785833,49.21163889,-10.79,-48.57
やまねこ,Lyn,111.6785833,49.21163889,-10.79,-48.57,104.3191667,58.42305556,6.58,-123.53
やまねこ,Lyn,104.3191667,58.42305556,6.58,-123.53,94.90579167,59.01091667,-3.51,24.43
こと,Lyr,279.234125,38.783,201.02,287.46,281.1930833,37.60505556,29.26,26.57
こと,Lyr,281.1930833,37.60505556,29.26,26.57,282.5199583,33.36266667,1.1,-4.46
こと,Lyr,282.5199583,33.36266667,1.1,-4.46,284.7359167,32.68955556,-2.76,1.77
こと,Lyr,284.7359167,32.68955556,-2.76,1.77,283.6262083,36.89861111,-6.73,3.26
こと,Lyr,283.6262083,36.89861111,-6.73,3.26,281.1930833,37.60505556,29.26,26.57
テーブルさん,Men,82.96941667,-76.34166667,143.2,287.75,70.76645833,-70.93111111,9.3,34.77
けんびきょう,Mic,319.484375,-32.17247222,55.46,-22.12,315.32275,-32.25777778,-2.09,-0.19
けんびきょう,Mic,315.32275,-32.25777778,-2.09,-0.19,312.492,-33.77966667,3.71,-20.19
いっかくじゅう,Mon,93.71391667,-6.27472222,-6.18,-20.06,97.20445833,-7.03305556,-7,-4.97
いっかくじゅう,Mon,97.20445833,-7.03305556,-7,-4.97,107.9660833,0.49277778,-0.22,6.68
いっかくじゅう,Mon,107.9660833,0.49277778,-0.22,6.68,95.94208333,4.59283333,-20.88,10.75
いっかくじゅう,Mon,95.94208333,4.59283333,-20.88,10.75,92.24125,2.49972222,-1.75,-14.17
いっかくじゅう,Mon,107.9660833,0.49277778,-0.22,6.68,122.1485833,-2.98377778,-16.79,-3.89
いっかくじゅう,Mon,122.1485833,-2.98377778,-16.79,-3.89,115.312,-9.55108333,-74.8,-19.64
はえ,Mus,191.5702917,-68.10808333,-40.4,-10.32,176.402375,-66.72883333,-100.42,33.21
はえ,Mus,176.402375,-66.72883333,-100.42,33.21,188.117125,-72.13297222,-50.59,-5.16
はえ,Mus,188.117125,-72.13297222,-50.59,-5.16,189.2961667,-69.13552778,-39.87,-12.44
はえ,Mus,189.2961667,-69.13552778,-39.87,-12.44,191.5702917,-68.10808333,-40.4,-10.32
じょうぎ,Nor,243.3697083,-54.63041667,-5.33,-22.48,244.9607083,-50.15538889,-159.36,-52.84
じょうぎ,Nor,244.9607083,-50.15538889,-159.36,-52.84,246.7960417,-47.55472222,-13.72,-20.63
じょうぎ,Nor,246.7960417,-47.55472222,-13.72,-20.63,240.8035833,-49.22972222,41.18,10.39
じょうぎ,Nor,240.8035833,-49.22972222,41.18,10.39,244.9607083,-50.15538889,-159.36,-52.84
じょうぎ,Nor,240.8035833,-49.22972222,41.18,10.39,243.3697083,-54.63041667,-5.33,-22.48
はちぶんぎ,Oct,325.368625,-77.38947222,64.83,-240.38,341.5155,-81.38161111,-55.35,0.88
はちぶんぎ,Oct,341.5155,-81.38161111,-55.35,0.88,216.73225,-83.66786111,-95.79,-12.91
はちぶんぎ,Oct,216.73225,-83.66786111,-95.79,-12.91,325.368625,-77.38947222,64.83,-240.38
へびつかい,Oph,263.7333333,12.56058333,110.08,-222.61,265.86825,4.56691667,-40.67,158.8
へびつかい,Oph,257.5944167,-15.72513889,41.16,97.65,265.86825,4.56691667,-40.67,158.8
へびつかい,Oph,263.7333333,12.56058333,110.08,-222.61,254.4177917,9.37505556,-293.03,-9.7
へびつかい,Oph,254.4177917,9.37505556,-293.03,-9.7,244.5801667,-4.69261111,82.39,40.08
へびつかい,Oph,244.5801667,-4.69261111,82.39,40.08,249.2897083,-10.56713889,13.07,25.44
へびつかい,Oph,249.2897083,-10.56713889,13.07,25.44,257.5944167,-15.72513889,41.16,97.65
へびつかい,Oph,257.5944167,-15.72513889,41.16,97.65,262.8539583,-23.96258333,4.91,-25.9
オリオン,Ori,85.18966667,-1.94258333,3.99,2.54,84.053375,-1.20191667,1.49,-1.06
オリオン,Ori,84.053375,-1.20191667,1.49,-1.06,83.00166667,0.29908333,1.67,0.56
オリオン,Ori,90.864,19.69061111,9.81,-20.29,92.985,14.20880556,-1.59,-20.23
オリオン,Ori,92.985,14.20880556,-1.59,-20.23,91.893,14.76852778,4.95,-21.18
オリオン,Ori,91.893,14.76852778,4.95,-21.18,88.59616667,20.27641667,-163.17,-98.92
オリオン,Ori,92.985,14.20880556,-1.59,-20.23,90.59579167,9.64736111,14.19,-37.44
オリオン,Ori,90.59579167,9.64736111,14.19,-37.44,88.792875,7.40702778,27.33,10.86
オリオン,Ori,88.792875,7.40702778,27.33,10.86,85.18966667,-1.94258333,3.99,2.54
オリオン,Ori,85.18966667,-1.94258333,3.99,2.54,86.939125,-9.66961111,1.55,-1.2
オリオン,Ori,86.939125,-9.66961111,1.55,-1.2,78.63445833,-8.20163889,1.87,-0.56
オリオン,Ori,78.63445833,-8.20163889,1.87,-0.56,83.00166667,0.29908333,1.67,0.56
オリオン,Ori,83.00166667,0.29908333,1.67,0.56,81.28279167,6.34972222,-8.75,-13.28
オリオン,Ori,81.28279167,6.34972222,-8.75,-13.28,83.7845,9.93416667,-1.03,-1.86
オリオン,Ori,83.7845,9.93416667,-1.03,-1.86,88.792875,7.40702778,27.33,10.86
オリオン,Ori,81.28279167,6.34972222,-8.75,-13.28,72.45891667,6.96125,463.44,11.62
オリオン,Ori,72.45891667,6.96125,463.44,11.62,72.80154167,5.60511111,-3.62,1.03
オリオン,Ori,72.80154167,5.60511111,-3.62,1.03,73.34483333,2.50827778,29.67,-16.4
オリオン,Ori,73.34483333,2.50827778,29.67,-16.4,74.63708333,1.71402778,-1.59,-7.93
オリオン,Ori,72.45891667,6.96125,463.44,11.62,72.653,8.90025,-0.87,-31.57
オリオン,Ori,72.653,8.90025,-0.87,-31.57,73.72375,10.15113889,40.08,-128.37
オリオン,Ori,91.893,14.76852778,4.95,-21.18,90.59579167,9.64736111,14.19,-37.44
くじゃく,Pav,306.411875,-56.73488889,7.71,-86.15,321.610375,-65.36813889,81.08,800.68
くじゃく,Pav,321.610375,-65.36813889,81.08,800.68,311.2398333,-66.20325,-42.4,10.57
くじゃく,Pav,311.2398333,-66.20325,-42.4,10.57,302.1744167,-66.17933333,1210.29,-1130.34
くじゃく,Pav,302.1744167,-66.17933333,1210.29,-1130.34,306.411875,-56.73488889,7.71,-86.15
くじゃく,Pav,302.1744167,-66.17933333,1210.29,-1130.34,300.1474583,-72.91019444,80.54,-131.34
くじゃく,Pav,300.1474583,-72.91019444,80.54,-131.34,280.758875,-71.42772222,1.25,-158.29
くじゃく,Pav,280.758875,-71.42772222,1.25,-158.29,284.2376667,-67.23352778,-7.83,16.65
くじゃく,Pav,284.2376667,-67.23352778,-7.83,16.65,302.1744167,-66.17933333,1210.29,-1130.34
くじゃく,Pav,284.2376667,-67.23352778,-7.83,16.65,283.0543333,-62.18755556,-1.33,-13.53
くじゃく,Pav,283.0543333,-62.18755556,-1.33,-13.53,275.80675,-61.49391667,0.53,1.7
くじゃく,Pav,275.80675,-61.49391667,0.53,1.7,272.1449583,-63.66805556,17.45,-207.64
くじゃく,Pav,272.1449583,-63.66805556,17.45,-207.64,283.0543333,-62.18755556,-1.33,-13.53
くじゃく,Pav,272.1449583,-63.66805556,17.45,-207.64,266.4333333,-64.72372222,-11.08,-56.37
ぺガスス,Peg,3.30895833,15.18361111,4.7,-8.24,346.1900833,15.20536111,61.1,-42.56
ぺガスス,Peg,345.9430417,28.08244444,187.76,137.61,340.7505417,30.22130556,13.11,-26.11
ぺガスス,Peg,340.7505417,30.22130556,13.11,-26.11,332.307,33.1725,-60,-65.86
ぺガスス,Peg,345.9430417,28.08244444,187.76,137.61,342.5004167,24.60169444,144.11,-43.44
ぺガスス,Peg,342.5004167,24.60169444,144.11,-43.44,341.6326667,23.56566667,56.99,-10.46
ぺガスス,Peg,341.6326667,23.56566667,56.99,-10.46,331.7519583,25.34505556,296.73,26.93
ぺガスス,Peg,331.7519583,25.34505556,296.73,26.93,326.16125,25.645,46.66,13.47
ぺガスス,Peg,346.1900833,15.20536111,61.1,-42.56,341.6726667,12.17408333,233.06,-492.04
ぺガスス,Peg,341.6726667,12.17408333,233.06,-492.04,340.3652917,10.83138889,77.38,-10.98
ぺガスス,Peg,340.3652917,10.83138889,77.38,-10.98,332.54925,6.19777778,281.96,31.23
ぺガスス,Peg,332.54925,6.19777778,281.96,31.23,326.0464167,9.875,30.02,1.38
ぺガスス,Peg,2.09654167,29.09083333,135.68,-162.95,345.9430417,28.08244444,187.76,137.61
ぺガスス,Peg,2.09654167,29.09083333,135.68,-162.95,3.30895833,15.18361111,4.7,-8.24
ぺガスス,Peg,345.9430417,28.08244444,187.76,137.61,346.1900833,15.20536111,61.1,-42.56
ペルセウス,Per,56.07970833,32.28827778,8.11,-10.32,58.533,31.88366667,4.41,-9.15
ペルセウス,Per,58.533,31.88366667,4.41,-9.15,59.74125,35.79102778,1.92,2.3
ペルセウス,Per,59.74125,35.79102778,1.92,2.3,59.46341667,40.01027778,12.61,-24.06
ペルセウス,Per,59.46341667,40.01027778,12.61,-24.06,55.73116667,47.78766667,23.83,-41.93
ペルセウス,Per,55.73116667,47.78766667,23.83,-41.93,51.080625,49.86125,24.11,-26.01
ペルセウス,Per,51.080625,49.86125,24.11,-26.01,46.199125,53.50644444,0.5,-4.19
ペルセウス,Per,46.199125,53.50644444,0.5,-4.19,42.674125,55.89552778,16.64,-13.76
ペルセウス,Per,51.080625,49.86125,24.11,-26.01,47.04220833,40.95563889,2.39,-1.44
ペルセウス,Per,47.04220833,40.95563889,2.39,-1.44,46.29375,38.84052778,128.69,-106.61
ペルセウス,Per,46.29375,38.84052778,128.69,-106.61,42.64545833,38.31891667,195.68,-108.92
ほうおう,Phe,17.09608333,-55.24583333,21.17,29.7,16.52129167,-46.7185,-70.16,31.6
ほうおう,Phe,16.52129167,-46.7185,-70.16,31.6,6.5505,-43.67991667,106.14,32.83
ほうおう,Phe,6.5505,-43.67991667,106.14,32.83,17.09608333,-55.24583333,21.17,29.7
ほうおう,Phe,16.52129167,-46.7185,-70.16,31.6,22.81241667,-49.07308333,138.22,154.2
ほうおう,Phe,22.81241667,-49.07308333,138.22,154.2,28.41175,-46.30244444,-92.38,-91.46
ほうおう,Phe,28.41175,-46.30244444,-92.38,-91.46,16.52129167,-46.7185,-70.16,31.6
ほうおう,Phe,16.52129167,-46.7185,-70.16,31.6,22.09141667,-43.31772222,-18.21,-207.71
ほうおう,Phe,22.09141667,-43.31772222,-18.21,-207.71,6.5505,-43.67991667,106.14,32.83
ほうおう,Phe,6.5505,-43.67991667,106.14,32.83,6.57029167,-42.30511111,232.76,-353.64
ほうおう,Phe,6.57029167,-42.30511111,232.76,-353.64,2.35225,-45.747,122.15,-180.13
ほうおう,Phe,2.35225,-45.747,122.15,-180.13,6.5505,-43.67991667,106.14,32.83
がか,Pic,102.0480833,-61.94197222,-68.39,242.03,87.45658333,-56.1665,81.61,-71.77
がか,Pic,87.45658333,-56.1665,81.61,-71.77,86.82116667,-51.06672222,4.65,81.96
みなみのうお,PsA,344.4117917,-29.62183333,329.22,-164.22,340.163875,-27.04361111,22.01,-0.88
みなみのうお,PsA,340.163875,-27.04361111,22.01,-0.88,330.20925,-28.45375,14.81,0.3
みなみのうお,PsA,330.20925,-28.45375,14.81,0.3,326.9340417,-30.89830556,-34.53,0.64
みなみのうお,PsA,326.9340417,-30.89830556,-34.53,0.64,332.5353333,-32.54844444,428.62,13.83
みなみのうお,PsA,332.5353333,-32.54844444,428.62,13.83,337.8762083,-32.34602778,59.64,-18.7
みなみのうお,PsA,337.8762083,-32.34602778,59.64,-18.7,343.9870417,-32.53969444,10.84,30.32
うお,Psc,15.70454167,31.80433333,15.53,-30.38,18.43725,24.58377778,18.58,-21.26
うお,Psc,15.70454167,31.80433333,15.53,-30.38,19.86658333,27.26408333,26.21,-11.62
うお,Psc,19.86658333,27.26408333,26.21,-11.62,18.43725,24.58377778,18.58,-21.26
うお,Psc,18.43725,24.58377778,18.58,-21.26,22.87079167,15.34583333,25.73,-3.29
うお,Psc,22.87079167,15.34583333,25.73,-3.29,26.34829167,9.15763889,70.82,38.99
うお,Psc,26.34829167,9.15763889,70.82,38.99,30.51166667,2.76375,33.29,-0.42
うお,Psc,30.51166667,2.76375,33.29,-0.42,28.38891667,3.18747222,23.69,23.9
うお,Psc,28.38891667,3.18747222,23.69,23.9,25.35795833,5.48761111,-22.73,3.61
うお,Psc,25.35795833,5.48761111,-22.73,3.61,22.54558333,6.14394444,293.23,-46.36
うお,Psc,22.54558333,6.14394444,293.23,-46.36,15.73608333,7.89008333,-80.57,25.88
うお,Psc,15.73608333,7.89008333,-80.57,25.88,12.07225,7.29991667,111.61,3.41
うお,Psc,12.07225,7.29991667,111.61,3.41,5.14941667,8.19025,-4.5,9.59
うお,Psc,5.14941667,8.19025,-4.5,9.59,359.8275,6.86358333,148.49,-112.16
うお,Psc,359.8275,6.86358333,148.49,-112.16,354.98675,5.62736111,376.32,-437
うお,Psc,354.98675,5.62736111,376.32,-437,355.512,1.78041667,-129.55,-154.87
うお,Psc,355.512,1.78041667,-129.55,-154.87,351.7329583,1.25583333,85.6,-94.43
うお,Psc,351.7329583,1.25583333,85.6,-94.43,349.2895417,3.28225,760.35,17.96
うお,Psc,349.2895417,3.28225,760.35,17.96,351.992375,6.37911111,-123.83,-43.26
うお,Psc,351.992375,6.37911111,-123.83,-43.26,354.98675,5.62736111,376.32,-437
とも,Pup,121.88625,-24.30444444,-83.29,46.38,117.2570833,-24.91225,-34.68,14.71
とも,Pup,117.2570833,-24.91225,-34.68,14.71,109.2856667,-37.0975,-10.57,7
とも,Pup,109.2856667,-37.0975,-10.57,7,99.44029167,-43.19591667,-0.43,-3.99
とも,Pup,99.44029167,-43.19591667,-0.43,-3.99,102.4839167,-50.61438889,34.23,-65.85
とも,Pup,102.4839167,-50.61438889,34.23,-65.85,112.3078333,-43.30188889,-59.86,188.73
とも,Pup,112.3078333,-43.30188889,-59.86,188.73,120.896125,-40.00319444,-30.82,16.77
とも,Pup,120.896125,-40.00319444,-30.82,16.77,121.88625,-24.30444444,-83.29,46.38
らしんばん,Pyx,130.0255833,-35.30830556,9.68,-21.18,130.898125,-33.18641667,-14.28,10.6
らしんばん,Pyx,130.898125,-33.18641667,-14.28,10.6,132.633375,-27.71005556,-133.49,88.16
レチクル,Ret,63.60595833,-62.47397222,41.64,49.72,64.12116667,-59.30175,-47.99,-167.81
レチクル,Ret,64.12116667,-59.30175,-47.99,-167.81,59.68641667,-61.40013889,9.79,-14.39
レチクル,Ret,59.68641667,-61.40013889,9.79,-14.39,56.048125,-64.80708333,308.39,78.72
レチクル,Ret,56.048125,-64.80708333,308.39,78.72,63.60595833,-62.47397222,41.64,49.72
ちょうこくしつ,Scl,353.2424583,-37.81836111,96.39,37.58,14.65145833,-29.35747222,22.44,6.3
ちょうこくしつ,Scl,14.65145833,-29.35747222,22.44,6.3,349.7059583,-32.53183333,19.65,-78.57
ちょうこくしつ,Scl,349.7059583,-32.53183333,19.65,-78.57,353.2424583,-37.81836111,96.39,37.58
さそり,Sco,263.4022083,-37.10375,-8.9,-29.95,265.622,-39.02991667,-6.49,-25.55
さそり,Sco,265.622,-39.02991667,-6.49,-25.55,266.8961667,-40.12697222,0.44,-6.4
さそり,Sco,266.8961667,-40.12697222,0.44,-6.4,264.3297083,-42.99783333,6.06,-0.95
さそり,Sco,264.3297083,-42.99783333,6.06,-0.95,258.03825,-43.2385,22.01,-287.41
さそり,Sco,258.03825,-43.2385,22.01,-287.41,253.498875,-42.36202778,-0.48,-2.17
さそり,Sco,253.498875,-42.36202778,-0.48,-2.17,252.9676667,-38.04733333,-8.84,-21.6
さそり,Sco,252.9676667,-38.04733333,-8.84,-21.6,252.5426667,-34.29261111,-611.83,-255.87
さそり,Sco,252.5426667,-34.29261111,-611.83,-255.87,248.9706667,-28.21597222,-8.59,-22.5
さそり,Sco,248.9706667,-28.21597222,-8.59,-22.5,247.3519583,-26.43194444,-10.16,-23.21
さそり,Sco,247.3519583,-26.43194444,-10.16,-23.21,240.083375,-22.62161111,-8.67,-36.9
さそり,Sco,247.3519583,-26.43194444,-10.16,-23.21,239.713,-26.11405556,-12,-25.71
さそり,Sco,247.3519583,-26.43194444,-10.16,-23.21,241.3592917,-19.80538889,-6.75,-24.89
たて,Sct,281.7936667,-4.74783333,-7.71,-15.89,281.87075,-5.70508333,-44.09,-31.36
たて,Sct,281.87075,-5.70508333,-44.09,-31.36,283.6796667,-15.60302778,-2.38,-5.64
たて,Sct,283.6796667,-15.60302778,-2.38,-5.64,277.299375,-14.56580556,3.07,-3.48
たて,Sct,277.299375,-14.56580556,3.07,-3.48,278.8018333,-8.24330556,-18.98,-314.63
たて,Sct,278.8018333,-8.24330556,-18.98,-314.63,281.7936667,-4.74783333,-7.71,-15.89
へび,Ser,237.4052917,-3.43013889,-98.07,-27.41,237.7037083,4.47758333,127.98,61.87
へび,Ser,237.7037083,4.47758333,127.98,61.87,236.0666667,6.42552778,134.66,44.14
へび,Ser,236.0666667,6.42552778,134.66,44.14,233.7007917,10.53886111,-72.63,3.17
へび,Ser,233.7007917,10.53886111,-72.63,3.17,236.5467083,15.42191667,68.54,-41.31
へび,Ser,236.5467083,15.42191667,68.54,-41.31,239.1124583,15.66472222,311.2,-1282.17
へび,Ser,239.1124583,15.66472222,311.2,-1282.17,237.1850417,18.14177778,-51.78,-88.72
へび,Ser,237.1850417,18.14177778,-51.78,-88.72,236.5467083,15.42191667,68.54,-41.31
へび,Ser,284.0548333,4.20352778,37.69,26.98,275.3288333,-2.89711111,-547.57,-700.72
へび,Ser,275.3288333,-2.89711111,-547.57,-700.72,265.3538333,-12.87516667,-72.16,-55.22
へび,Ser,265.3538333,-12.87516667,-72.16,-55.22,264.3967917,-15.39841667,-39.3,-61.27
へび,Ser,264.3967917,-15.39841667,-39.3,-61.27,260.2068333,-12.84688889,42.75,2.72
ろくぶんぎ,Sex,157.5729167,0.63697222,-40.12,-22.17,151.9845833,0.37163889,-26.17,-3.65
や,Sge,295.2622083,17.47611111,9.06,-33.9,296.8469583,18.53425,-4.58,11.1
や,Sge,296.8469583,18.53425,-4.58,11.1,295.0240833,18.01394444,15.09,-19.72
や,Sge,296.8469583,18.53425,-4.58,11.1,299.689125,19.49208333,64.37,22.58
や,Sge,299.689125,19.49208333,64.37,22.58,301.2894583,19.99088889,30.61,79.65
いて,Sgr,275.2484167,-29.82802778,29.96,-26.38,276.9927917,-25.42125,-44.81,-186.29
いて,Sgr,274.4072083,-36.76127778,-129.27,-166.61,276.043125,-34.38430556,-39.61,-124.05
いて,Sgr,276.043125,-34.38430556,-39.61,-124.05,271.4521667,-30.42363889,-55.75,-181.53
いて,Sgr,271.4521667,-30.42363889,-55.75,-181.53,266.890125,-27.83075,-3.62,-10.67
いて,Sgr,271.4521667,-30.42363889,-55.75,-181.53,275.2484167,-29.82802778,29.96,-26.38
いて,Sgr,275.2484167,-29.82802778,29.96,-26.38,276.043125,-34.38430556,-39.61,-124.05
いて,Sgr,276.043125,-34.38430556,-39.61,-124.05,285.653,-29.88011111,-14.1,3.66
いて,Sgr,285.653,-29.88011111,-14.1,3.66,281.4139583,-26.99077778,51.15,0.45
いて,Sgr,281.4139583,-26.99077778,51.15,0.45,275.2484167,-29.82802778,29.96,-26.38
いて,Sgr,281.4139583,-26.99077778,51.15,0.45,276.9927917,-25.42125,-44.81,-186.29
いて,Sgr,276.9927917,-25.42125,-44.81,-186.29,273.440875,-21.05883333,1.72,-1.39
いて,Sgr,285.653,-29.88011111,-14.1,3.66,286.7351667,-27.66980556,-50.79,-250.51
いて,Sgr,286.7351667,-27.66980556,-50.79,-250.51,283.8163333,-26.29658333,13.87,-52.65
いて,Sgr,283.8163333,-26.29658333,13.87,-52.65,281.4139583,-26.99077778,51.15,0.45
いて,Sgr,283.8163333,-26.29658333,13.87,-52.65,284.4324167,-21.10661111,34.91,-12.33
いて,Sgr,284.4324167,-21.10661111,34.91,-12.33,286.1705417,-21.74136111,76.26,-58.08
いて,Sgr,286.1705417,-21.74136111,76.26,-58.08,289.4087083,-18.95288889,-10.05,-10.64
いて,Sgr,289.4087083,-18.95288889,-10.05,-10.64,290.41825,-17.84725,-26.95,22.24
いて,Sgr,286.7351667,-27.66980556,-50.79,-250.51,294.006875,-24.71902778,6.08,-26.37
いて,Sgr,294.006875,-24.71902778,6.08,-26.37,300.6644167,-27.70988889,32.28,14.35
いて,Sgr,300.6644167,-27.70988889,32.28,14.35,299.9340417,-35.27625,6.02,-25.15
いて,Sgr,299.9340417,-35.27625,6.02,-25.15,298.8153333,-41.86841667,23.37,51.6
いて,Sgr,298.8153333,-41.86841667,23.37,51.6,290.9714583,-40.61563889,32.67,-120.81
いて,Sgr,298.8153333,-41.86841667,23.37,51.6,290.8044167,-44.79963889,92.78,-53.73
おうし,Tau,81.57291667,28.60786111,23.28,-174.22,70.56125,22.95697222,-2.84,-20.33
おうし,Tau,70.56125,22.95697222,-2.84,-20.33,67.153875,19.18052778,107.23,-36.77
おうし,Tau,68.98,16.50975,62.78,-189.36,84.41116667,21.14258333,2.39,-18.04
おうし,Tau,64.94804167,15.62769444,115.29,-23.86,65.73345833,17.54258333,107.75,-28.84
おうし,Tau,64.94804167,15.62769444,115.29,-23.86,60.17008333,12.49038889,-8.15,-11.98
おうし,Tau,60.17008333,12.49038889,-8.15,-11.98,51.2035,9.02905556,-74.25,-80.31
おうし,Tau,68.98,16.50975,62.78,-189.36,67.153875,19.18052778,107.23,-36.77
おうし,Tau,68.98,16.50975,62.78,-189.36,67.16529167,15.87094444,108.66,-26.39
おうし,Tau,67.16529167,15.87094444,108.66,-26.39,64.94804167,15.62769444,115.29,-23.86
おうし,Tau,67.153875,19.18052778,107.23,-36.77,66.37216667,17.928,108.26,-32.47
おうし,Tau,66.37216667,17.928,108.26,-32.47,65.73345833,17.54258333,107.75,-28.84
おうし,Tau,65.73345833,17.54258333,107.75,-28.84,57.29054167,24.05352778,17.77,-44.7
ぼうえんきょう,Tel,277.20725,-49.07002778,137.9,-229.14,276.7434583,-45.96833333,-16.68,-53.33
みなみのさんかく,TrA,252.166125,-69.02763889,17.85,-32.92,229.727875,-68.67947222,-66.48,-32
みなみのさんかく,TrA,229.727875,-68.67947222,-66.48,-32,238.7867083,-63.42975,-188.45,-401.92
みなみのさんかく,TrA,238.7867083,-63.42975,-188.45,-401.92,252.166125,-69.02763889,17.85,-32.92
さんかく,Tri,33.98458333,33.35897222,-14.86,-33.25,32.3855,34.98738889,148.78,-39.13
さんかく,Tri,32.3855,34.98738889,148.78,-39.13,28.27041667,29.57938889,12.02,-233.69
さんかく,Tri,28.27041667,29.57938889,12.02,-233.69,33.98458333,33.35897222,-14.86,-33.25
きょしちょう,Tuc,334.62575,-60.2595,-71.48,-38.15,349.3575417,-58.23591667,-34.93,79.59
きょしちょう,Tuc,349.3575417,-58.23591667,-34.93,79.59,5.00795833,-64.87761111,1707.56,1165.36
きょしちょう,Tuc,349.3575417,-58.23591667,-34.93,79.59,7.88566667,-62.95808333,82.48,-54.37
おおぐま,UMa,206.885625,49.31330556,-121.23,-15.56,200.9809167,54.92541667,121.23,-22.01
おおぐま,UMa,200.9809167,54.92541667,121.23,-22.01,193.5067917,55.95983333,111.74,-8.99
おおぐま,UMa,193.5067917,55.95983333,111.74,-8.99,183.8560417,57.03261111,103.56,7.81
おおぐま,UMa,183.8560417,57.03261111,103.56,7.81,165.9326667,61.75111111,-136.46,-35.25
おおぐま,UMa,165.9326667,61.75111111,-136.46,-35.25,165.4599583,56.38233333,81.66,33.74
おおぐま,UMa,165.4599583,56.38233333,81.66,33.74,178.45725,53.69472222,107.76,11.16
おおぐま,UMa,178.45725,53.69472222,107.76,11.16,183.8560417,57.03261111,103.56,7.81
おおぐま,UMa,178.45725,53.69472222,107.76,11.16,176.5130417,47.77933333,-138.38,28.37
おおぐま,UMa,176.5130417,47.77933333,-138.38,28.37,167.4160833,44.49855556,-62.35,-27.38
おおぐま,UMa,167.4160833,44.49855556,-62.35,-27.38,154.2747083,42.91447222,-170.11,-42.64
おおぐま,UMa,167.4160833,44.49855556,-62.35,-27.38,155.5825,41.49944444,-80.47,34.1
おおぐま,UMa,165.4599583,56.38233333,81.66,33.74,148.0265,54.06427778,-4.21,19.18
おおぐま,UMa,148.0265,54.06427778,-4.21,19.18,143.2180417,51.67861111,-947.06,-535.6
おおぐま,UMa,143.2180417,51.67861111,-947.06,-535.6,135.9065,47.15666667,-37.37,-55.39
おおぐま,UMa,143.2180417,51.67861111,-947.06,-535.6,134.8035,48.04236111,-441.12,-215.21
おおぐま,UMa,148.0265,54.06427778,-4.21,19.18,147.7487083,59.03911111,-294.45,-151.75
おおぐま,UMa,147.7487083,59.03911111,-294.45,-151.75,127.5667917,60.71844444,-134.31,-107.73
おおぐま,UMa,127.5667917,60.71844444,-134.31,-107.73,142.8815417,63.06180556,107.55,26.86
おおぐま,UMa,142.8815417,63.06180556,107.55,26.86,165.9326667,61.75111111,-136.46,-35.25
こぐま,UMi,37.94616667,89.26413889,44.22,-11.74,263.05375,86.58633333,10.54,53.97
こぐま,UMi,263.05375,86.58633333,10.54,53.97,251.4923333,82.03725,19.54,4.67
こぐま,UMi,251.4923333,82.03725,19.54,4.67,236.0144167,77.7945,20.07,-2.5
こぐま,UMi,236.0144167,77.7945,20.07,-2.5,244.3770833,75.75469444,-89.94,257.8
こぐま,UMi,244.3770833,75.75469444,-89.94,257.8,230.1822917,71.83397222,-18.03,17.68
こぐま,UMi,230.1822917,71.83397222,-18.03,17.68,222.6766667,74.15547222,-32.29,11.91
こぐま,UMi,222.6766667,74.15547222,-32.29,11.91,236.0144167,77.7945,20.07,-2.5
ほ,Vel,122.3831667,-47.33661111,-5.93,9.9,130.073375,-52.92197222,-24.62,35.09
ほ,Vel,130.073375,-52.92197222,-24.62,35.09,131.1758333,-54.70855556,28.78,-104.14
ほ,Vel,131.1758333,-54.70855556,28.78,-104.14,140.5284583,-55.01069444,-10.72,11.24
ほ,Vel,140.5284583,-55.01069444,-10.72,11.24,149.215625,-54.56780556,-13.13,2.83
ほ,Vel,149.215625,-54.56780556,-13.13,2.83,161.6921667,-49.42013889,62.55,-53.57
ほ,Vel,161.6921667,-49.42013889,62.55,-53.57,159.3260833,-48.22561111,-131.48,-1.58
ほ,Vel,159.3260833,-48.22561111,-131.48,-1.58,153.6844583,-42.12205556,-150.68,49.84
ほ,Vel,153.6844583,-42.12205556,-150.68,49.84,142.6754583,-40.46688889,-147.14,48.65
ほ,Vel,142.6754583,-40.46688889,-147.14,48.65,136.9990833,-43.43261111,-23.21,14.28
ほ,Vel,136.9990833,-43.43261111,-23.21,14.28,122.3831667,-47.33661111,-5.93,9.9
おとめ,Vir,176.464875,6.52980556,-19.65,-180.02,184.6679167,0.78713889,33.51,-16.17
おとめ,Vir,184.6679167,0.78713889,33.51,-16.17,190.4166667,-1.44952778,-616.66,60.66
おとめ,Vir,190.4166667,-1.44952778,-616.66,60.66,201.2983333,-11.16125,-42.5,-31.73
おとめ,Vir,201.2983333,-11.16125,-42.5,-31.73,213.2239167,-10.27405556,8.04,140.79
おとめ,Vir,213.2239167,-10.27405556,8.04,140.79,214.0036667,-5.99952778,-25.84,-419.84
おとめ,Vir,214.0036667,-5.99952778,-25.84,-419.84,220.7648333,-5.65741667,104.23,-319.9
おとめ,Vir,201.2983333,-11.16125,-42.5,-31.73,203.6739583,0.59594444,-278.89,48.56
おとめ,Vir,203.6739583,0.59594444,-278.89,48.56,210.4115833,1.54458333,17.41,-21.2
おとめ,Vir,210.4115833,1.54458333,17.41,-21.2,221.5624583,1.89294444,-116.04,-21.75
おとめ,Vir,203.6739583,0.59594444,-278.89,48.56,193.902,3.39761111,-471.44,-52.81
おとめ,Vir,193.902,3.39761111,-471.44,-52.81,195.5448333,10.95911111,-275.05,19.96
おとめ,Vir,193.902,3.39761111,-471.44,-52.81,190.4166667,-1.44952778,-616.66,60.66
とびうお,Vol,115.455,-72.60613889,33.38,15.29,107.18675,-70.49919444,23.71,108.06
とびうお,Vol,107.18675,-70.49919444,23.71,108.06,121.9826667,-68.61713889,-29.88,30.58
とびうお,Vol,121.9826667,-68.61713889,-29.88,30.58,115.455,-72.60613889,33.38,15.29
とびうお,Vol,121.9826667,-68.61713889,-29.88,30.58,109.207625,-67.95716667,-4.11,8.5
とびうお,Vol,121.9826667,-68.61713889,-29.88,30.58,126.434375,-66.13652778,-35.83,-152.15
とびうお,Vol,126.434375,-66.13652778,-35.83,-152.15,135.6116667,-66.39583333,-2.01,-95.8
とびうお,Vol,135.6116667,-66.39583333,-2.01,-95.8,121.9826667,-68.61713889,-29.88,30.58
こぎつね,Vul,292.1767083,24.66516667,-126.45,-106.99,300.2750417,27.75355556,57.99,3.76
